price,space
6.5,20
6.5,20
6.5,20
6.5,20
6.5,20
6.5,20
6.5,20
6.5,20
6.5,20
6.5,20
6.5,20
6.5,20
6.5,20
6.5,20
6.5,20
6.5,20
6.5,20
6.5,20
6.5,20
6.5,20
6.5,20
6.5,20
6.5,20
6.5,20
6.5,20
6.5,20
6.5,20
6.5,20
6.5,20
6.5,20
4.1,16
4.1,16
4.1,16
4.1,16
4.1,16
4.1,16
4.1,16
4.1,16
4.1,16
4.1,16
4.1,16
4.1,16
4.1,16
4.1,16
4.1,16
4.1,16
4.1,16
4.1,16
4.1,16
4.1,16
4.1,16
4.1,16
4.1,16
4.1,16
4.1,16
4.1,16
4.1,16
4.1,16
4.1,16
4.1,16
7,18.32
7,18.32
7,18.32
7,18.32
7,18.32
7,18.32
7,18.32
7,18.32
7,18.32
7,18.32
7,18.32
7,18.32
7,18.32
7,18.32
7,18.32
7,18.32
7,18.32
7,18.32
7,18.32
7,18.32
7,18.32
7,18.32
7,18.32
7,18.32
7,18.32
7,18.32
7,18.32
7,18.32
7,18.32
7,18.32
6.5,20
6.5,20
6.5,20
6.5,20
6.5,20
6.5,20
6.5,20
6.5,20
6.5,20
6.5,20
6.5,20
6.5,20
6.5,20
6.5,20
6.5,20
6.5,20
6.5,20
6.5,20
6.5,20
6.5,20
6.5,20
6.5,20
6.5,20
6.5,20
6.5,20
6.5,20
6.5,20
6.5,20
8,17.4
6.5,20
6.5,20
8,17.4
8,17.4
8,17.4
8,17.4
8,17.4
8,17.4
8,17.4
8,17.4
8,17.4
8,17.4
8,17.4
8,17.4
8,17.4
8,17.4
8,17.4
8,17.4
8,17.4
8,17.4
8,17.4
8,17.4
8,17.4
8,17.4
8,17.4
8,17.4
8,17.4
8,17.4
8,17.4
8,17.4
8,17.4
8.4,21.49
8.4,21.49
8.4,21.49
8.4,21.49
8.4,21.49
8.4,21.49
8.4,21.49
8.4,21.49
8.4,21.49
8.4,21.49
8.4,21.49
8.4,21.49
8.4,21.49
8.4,21.49
8.4,21.49
8.4,21.49
8.4,21.49
8.4,21.49
8.4,21.49
8.4,21.49
8.4,21.49
8.4,21.49
8.4,21.49
8.4,21.49
8.4,21.49
8.4,21.49
8.4,21.49
8.4,21.49
8.4,21.49
8.4,21.49
7.9,17.98
7.9,17.98
7.9,17.98
7.9,17.98
7.9,17.98
7.9,17.98
7.9,17.98
7.9,17.98
7.9,17.98
7.9,17.98
7.9,17.98
7.9,17.98
7.9,17.98
7.9,17.98
7.9,17.98
7.9,17.98
7.9,17.98
7.9,17.98
7.9,17.98
7.9,17.98
7.9,17.98
7.9,17.98
7.9,17.98
7.9,17.98
7.9,17.98
7.9,17.98
7.9,17.98
7.9,17.98
7.9,17.98
7.9,17.98
8.5,19.38
8.5,19.38
8.5,19.38
8.5,19.38
8.5,19.38
8.5,19.38
8.5,19.38
8.5,19.38
8.5,19.38
8.5,19.38
8.5,19.38
8.5,19.38
8.5,19.38
8.5,19.38
8.5,19.38
8.5,19.38
8.5,19.38
8.5,19.38
8.5,19.38
8.5,19.38
8.5,19.38
8.5,19.38
8.5,19.38
8.5,19.38
8.5,19.38
8.5,19.38
8.5,19.38
8.5,19.38
8.5,19.38
8.5,19.38
9.5,19.05
9.5,19.05
9.5,19.05
9.5,19.05
9.5,19.05
9.5,19.05
9.5,19.05
9.5,19.05
9.5,19.05
9.5,19.05
9.5,19.05
9.5,19.05
9.5,19.05
9.5,19.05
9.5,19.05
9.5,19.05
9.5,19.05
9.5,19.05
9.5,19.05
9.5,19.05
9.5,19.05
9.5,19.05
9.5,19.05
9.5,19.05
9.5,19.05
9.5,19.05
9.5,19.05
9.5,19.05
9.5,19.05
9.5,19.05
9.4,20.66
9.4,20.66
9.4,20.66
9.4,20.66
9.4,20.66
9.4,20.66
9.4,20.66
9.4,20.66
9.4,20.66
9.4,20.66
9.4,20.66
9.4,20.66
9.4,20.66
9.4,20.66
9.4,20.66
9.4,20.66
9.4,20.66
9.4,20.66
9.4,20.66
9.4,20.66
9.4,20.66
9.4,20.66
9.4,20.66
9.4,20.66
9.4,20.66
9.4,20.66
9.4,20.66
9.4,20.66
9.4,20.66
9.4,20.66
9.9,23.29
9.9,23.29
9.9,23.29
9.9,23.29
9.9,23.29
9.9,23.29
9.9,23.29
9.9,23.29
9.9,23.29
9.9,23.29
9.9,23.29
9.9,23.29
9.9,23.29
9.9,23.29
9.9,23.29
9.9,23.29
9.9,23.29
9.9,23.29
9.9,23.29
9.9,23.29
9.9,23.29
9.9,23.29
9.9,23.29
9.9,23.29
9.9,23.29
9.9,23.29
9.9,23.29
9.9,23.29
9.9,23.29
9.9,23.29
10,29.72
10,29.72
10,29.72
10,29.72
10,29.72
10,29.72
10,29.72
10,29.72
10,29.72
10,29.72
10,29.72
10,29.72
10,29.72
10,29.72
10,29.72
10,29.72
10,29.72
10,29.72
10,29.72
10,29.72
10,29.72
10,29.72
10,29.72
10,29.72
10,29.72
10,29.72
10,29.72
10,29.72
10,29.72
10,29.72
11,26.08
11,26.08
11,26.08
11,26.08
11,26.08
11,26.08
11,26.08
11,26.08
11,26.08
11,26.08
11,26.08
11,26.08
11,26.08
11,26.08
11,26.08
11,26.08
11,26.08
11,26.08
11,26.08
11,26.08
11,26.08
11,26.08
11,26.08
11,26.08
11,26.08
11,26.08
11,26.08
11,26.08
11,26.08
11,26.08
11.3,27.93
11.3,27.93
11.3,27.93
11.3,27.93
11.3,27.93
11.3,27.93
11.3,27.93
11.3,27.93
11.3,27.93
11.3,27.93
11.3,27.93
11.3,27.93
11.3,27.93
11.3,27.93
11.3,27.93
11.3,27.93
11.3,27.93
11.3,27.93
11.3,27.93
11.3,27.93
11.3,27.93
11.3,27.93
11.3,27.93
11.3,27.93
11.3,27.93
11.3,27.93
11.3,27.93
11.3,27.93
11.3,27.93
11.3,27.93
12.5,29.16
12.5,29.16
12.5,29.16
12.5,29.16
12.5,29.16
12.5,29.16
12.5,29.16
12.5,29.16
12.5,29.16
12.5,29.16
12.5,29.16
12.5,29.16
12.5,29.16
12.5,29.16
12.5,29.16
12.5,29.16
12.5,29.16
12.5,29.16
12.5,29.16
12.5,29.16
12.5,29.16
12.5,29.16
12.5,29.16
12.5,29.16
12.5,29.16
12.5,29.16
12.5,29.16
12.5,29.16
12.5,29.16
12.5,29.16
12.5,34
12.5,34
12.5,34
12.5,34
12.5,34
12.5,34
12.5,34
12.5,34
12.5,34
12.5,34
12.5,34
12.5,34
12.5,34
12.5,34
12.5,34
12.5,34
12.5,34
12.5,34
12.5,34
12.5,34
12.5,34
12.5,34
12.5,34
12.5,34
12.5,34
12.5,34
12.5,34
12.5,34
12.5,34
12.5,34
12.8,47.4
12.8,47.4
12.8,47.4
12.8,47.4
12.8,47.4
12.8,47.4
12.8,47.4
12.8,47.4
12.8,47.4
12.8,47.4
12.8,47.4
12.8,47.4
12.8,47.4
12.8,47.4
12.8,47.4
12.8,47.4
12.8,47.4
12.8,47.4
12.8,47.4
12.8,47.4
12.8,47.4
12.8,47.4
12.8,47.4
12.8,47.4
12.8,47.4
12.8,47.4
12.8,47.4
12.8,47.4
12.8,47.4
12.8,47.4
13.5,36.38
13.5,36.38
13.5,36.38
13.5,36.38
13.5,36.38
13.5,36.38
13.5,36.38
13.5,36.38
13.5,36.38
13.5,36.38
13.5,36.38
13.5,36.38
13.5,36.38
13.5,36.38
13.5,36.38
13.5,36.38
13.5,36.38
13.5,36.38
13.5,36.38
13.5,36.38
13.5,36.38
13.5,36.38
13.5,36.38
13.5,36.38
13.5,36.38
13.5,36.38
13.5,36.38
13.5,36.38
13.5,36.38
13.5,36.38
14.1,25.5
14.1,25.5
14.1,25.5
14.1,25.5
14.1,25.5
14.1,25.5
14.1,25.5
14.1,25.5
14.1,25.5
14.1,25.5
14.1,25.5
14.1,25.5
14.1,25.5
14.1,25.5
14.1,25.5
14.1,25.5
14.1,25.5
14.1,25.5
14.1,25.5
14.1,25.5
14.1,25.5
14.1,25.5
14.1,25.5
14.1,25.5
14.1,25.5
14.1,25.5
14.1,25.5
14.1,25.5
14.1,25.5
14.1,25.5
14.8,48
14.8,48
14.8,48
14.8,48
14.8,48
14.8,48
14.8,48
14.8,48
14.8,48
14.8,48
14.8,48
14.8,48
14.8,48
14.8,48
14.8,48
14.8,48
14.8,48
14.8,48
14.8,48
14.8,48
14.8,48
14.8,48
14.8,48
14.8,48
14.8,48
14.8,48
14.8,48
14.8,48
14.8,48
14.8,48
15.3,25.2
15.3,25.2
15.3,25.2
15.3,25.2
15.3,25.2
15.3,25.2
15.3,25.2
15.3,25.2
15.3,25.2
15.3,25.2
15.3,25.2
15.3,25.2
15.3,25.2
15.3,25.2
15.3,25.2
15.3,25.2
15.3,25.2
15.3,25.2
15.3,25.2
15.3,25.2
15.3,25.2
15.3,25.2
15.3,25.2
15.3,25.2
15.3,25.2
15.3,25.2
15.3,25.2
15.3,25.2
15.3,25.2
15.3,25.2
15.7,64.14
15.7,64.14
15.7,64.14
15.7,64.14
15.7,64.14
15.7,64.14
15.7,64.14
15.7,64.14
15.7,64.14
15.7,64.14
15.7,64.14
15.7,64.14
15.7,64.14
15.7,64.14
15.7,64.14
15.7,64.14
15.7,64.14
15.7,64.14
15.7,64.14
15.7,64.14
15.7,64.14
15.7,64.14
15.7,64.14
15.7,64.14
15.7,64.14
15.7,64.14
15.7,64.14
15.7,64.14
15.7,64.14
15.7,64.14
17.6,41.08
17.6,41.08
17.6,41.08
17.6,41.08
17.6,41.08
17.6,41.08
17.6,41.08
17.6,41.08
17.6,41.08
17.6,41.08
17.6,41.08
17.6,41.08
17.6,41.08
17.6,41.08
17.6,41.08
17.6,41.08
17.6,41.08
17.6,41.08
17.6,41.08
17.6,41.08
17.6,41.08
17.6,41.08
17.6,41.08
17.6,41.08
17.6,41.08
17.6,41.08
17.6,41.08
17.6,41.08
17.6,41.08
17.6,41.08
19.5,63.47
19.5,63.47
19.5,63.47
19.5,63.47
19.5,63.47
19.5,63.47
19.5,63.47
19.5,63.47
19.5,63.47
19.5,63.47
19.5,63.47
19.5,63.47
19.5,63.47
19.5,63.47
19.5,63.47
19.5,63.47
19.5,63.47
19.5,63.47
19.5,63.47
19.5,63.47
19.5,63.47
19.5,63.47
19.5,63.47
19.5,63.47
19.5,63.47
19.5,63.47
19.5,63.47
19.5,63.47
19.5,63.47
19.5,63.47
20,55.62
20,55.62
20,55.62
20,55.62
20,55.62
20,55.62
20,55.62
20,55.62
20,55.62
20,55.62
20,55.62
20,55.62
20,55.62
20,55.62
20,55.62
20,55.62
20,55.62
20,55.62
20,55.62
20,55.62
20,55.62
20,55.62
20,55.62
20,55.62
20,55.62
20,55.62
20,55.62
20,55.62
20,55.62
20,55.62
22.5,67.57
22.5,67.57
22.5,67.57
22.5,67.57
22.5,67.57
22.5,67.57
22.5,67.57
22.5,67.57
22.5,67.57
22.5,67.57
22.5,67.57
22.5,67.57
22.5,67.57
22.5,67.57
22.5,67.57
22.5,67.57
22.5,67.57
22.5,67.57
22.5,67.57
22.5,67.57
22.5,67.57
22.5,67.57
22.5,67.57
22.5,67.57
22.5,67.57
22.5,67.57
22.5,67.57
22.5,67.57
22.5,67.57
22.5,67.57
26,34.41
26,34.41
26,34.41
26,34.41
26,34.41
26,34.41
26,34.41
26,34.41
26,34.41
26,34.41
26,34.41
26,34.41
26,34.41
26,34.41
26,34.41
26,34.41
26,34.41
26,34.41
26,34.41
26,34.41
26,34.41
26,34.41
26,34.41
26,34.41
26,34.41
26,34.41
26,34.41
26,34.41
26,34.41
26,34.41
29.3,82.68
29.3,82.68
29.3,82.68
29.3,82.68
29.3,82.68
29.3,82.68
29.3,82.68
29.3,82.68
29.3,82.68
29.3,82.68
29.3,82.68
29.3,82.68
29.3,82.68
29.3,82.68
29.3,82.68
29.3,82.68
29.3,82.68
29.3,82.68
29.3,82.68
29.3,82.68
29.3,82.68
29.3,82.68
29.3,82.68
29.3,82.68
29.3,82.68
29.3,82.68
29.3,82.68
29.3,82.68
29.3,82.68
29.3,82.68
45,88.8
45,88.8
45,88.8
45,88.8
45,88.8
45,88.8
45,88.8
45,88.8
45,88.8
45,88.8
45,88.8
45,88.8
45,88.8
45,88.8
45,88.8
45,88.8
45,88.8
45,88.8
45,88.8
45,88.8
45,88.8
45,88.8
45,88.8
45,88.8
45,88.8
45,88.8
45,88.8
45,88.8
45,88.8
45,88.8
80,125.54
80,125.54
80,125.54
80,125.54
80,125.54
80,125.54
80,125.54
80,125.54
80,125.54
80,125.54
80,125.54
80,125.54
80,125.54
80,125.54
80,125.54
80,125.54
80,125.54
80,125.54
80,125.54
80,125.54
80,125.54
80,125.54
